City_ID,City,Country,Lat,Lng,Max Temp,Humidity,Cloudiness,Wind Speed,Current Description
0,Busselton,AU,-33.65,115.33,48.99,86,39,9.28,scattered clouds
1,Bambous Virieux,MU,-20.34,57.76,69.8,77,40,8.05,scattered clouds
2,Port Elizabeth,ZA,-33.92,25.57,57.2,93,40,4.7,scattered clouds
3,Hilo,US,19.73,-155.09,86.0,66,1,10.29,clear sky
4,Barcelos,PT,41.54,-8.62,64.99,88,1,8.05,clear sky
5,Kamenka,RU,51.32,42.77,54.0,72,69,1.99,broken clouds
6,Maneadero,MX,31.72,-116.57,82.0,78,3,3.0,light rain
7,Wichita Falls,US,33.91,-98.49,95.0,28,1,9.17,clear sky
8,Jilove,CZ,50.76,14.1,62.01,97,31,4.27,scattered clouds
9,Christchurch,NZ,-43.53,172.63,53.01,100,100,5.82,drizzle
10,Tuktoyaktuk,CA,69.45,-133.04,55.4,82,20,11.41,few clouds
11,Lasa,IT,46.62,10.7,59.0,100,5,2.24,clear sky
12,Richards Bay,ZA,-28.78,32.04,64.45,68,0,12.1,clear sky
13,Barrow,US,71.29,-156.79,42.8,87,90,21.92,overcast clouds
14,Georgetown,MY,5.41,100.34,80.6,94,20,3.36,few clouds
15,Mount Gambier,AU,-37.83,140.77,44.6,87,40,8.05,scattered clouds
16,Cherskiy,RU,68.75,161.3,36.28,94,100,23.26,light rain
17,Saint-Philippe,RE,-21.36,55.77,64.4,63,35,3.36,scattered clouds
18,Jamestown,US,42.1,-79.24,80.6,47,1,6.93,clear sky
19,Jibuti,DJ,11.5,42.5,91.4,63,1,5.59,clear sky
20,Mataura,NZ,-46.19,168.86,46.99,97,98,4.0,overcast clouds
21,Hermanus,ZA,-34.42,19.23,57.0,86,14,1.99,few clouds
22,Vaini,TO,-21.2,-175.2,78.8,88,75,9.17,broken clouds
23,Cururupu,BR,-1.83,-44.87,75.29,91,18,3.44,few clouds
24,Ilulissat,GL,69.22,-51.1,44.6,70,0,3.36,clear sky
25,Albany,US,42.6,-73.97,84.0,50,0,6.49,clear sky
26,Aklavik,CA,68.22,-135.01,55.4,82,40,2.24,scattered clouds
27,Atuona,PF,-9.8,-139.03,78.26,79,43,18.23,light rain
28,Sao Filipe,CV,14.9,-24.5,79.16,79,39,4.94,scattered clouds
29,Starobesheve,UA,47.75,38.03,59.14,52,15,9.6,few clouds
30,Kalmunai,LK,7.42,81.82,79.12,77,34,10.96,scattered clouds
31,Norman Wells,CA,65.28,-126.83,68.0,52,40,13.87,scattered clouds
32,Bathsheba,BB,13.22,-59.52,84.2,74,20,9.17,few clouds
33,Port Alfred,ZA,-33.59,26.89,59.29,71,0,11.5,clear sky
34,Saskylakh,RU,71.92,114.08,43.18,64,5,4.9,clear sky
35,Sortavala,RU,61.71,30.69,62.19,85,95,14.43,moderate rain
36,Rikitea,PF,-23.12,-134.97,67.01,73,87,18.52,overcast clouds
37,Ushuaia,AR,-54.8,-68.3,44.6,78,75,19.46,light intensity drizzle
38,Longyearbyen,SJ,78.22,15.64,39.2,80,40,9.17,scattered clouds
39,Alpena,US,45.06,-83.43,75.2,73,1,5.82,clear sky
40,Honiara,SB,-9.43,159.95,84.2,74,40,2.24,scattered clouds
41,Bengkulu,ID,-3.8,102.27,75.07,87,65,3.49,broken clouds
42,Yarada,IN,17.65,83.27,78.8,94,75,5.82,mist
43,Zbarazh,UA,49.66,25.78,62.4,78,0,8.25,clear sky
44,Svetlyy,RU,54.67,20.13,68.0,94,75,4.47,broken clouds
45,Senanga,ZM,-16.12,23.27,68.14,40,0,10.11,clear sky
46,Kavieng,PG,-2.57,150.8,82.89,71,9,2.89,clear sky
47,Tasiilaq,GL,65.61,-37.64,46.4,52,58,9.17,broken clouds
48,Caravelas,BR,-17.71,-39.25,70.83,81,100,11.41,overcast clouds
49,Port Lincoln,AU,-34.73,135.87,51.13,63,53,9.26,broken clouds
50,Provideniya,RU,64.38,-173.3,51.58,82,100,6.15,light rain
51,Listvyanskiy,RU,54.44,83.5,52.9,85,100,5.77,overcast clouds
52,Kodiak,US,57.79,-152.41,62.87,68,23,2.86,few clouds
53,Pevek,RU,69.7,170.31,38.17,98,100,4.81,light rain
54,Kapaa,US,22.08,-159.32,87.01,62,20,12.75,few clouds
55,Qaanaaq,GL,77.48,-69.36,37.94,85,100,2.04,overcast clouds
56,Punta Arenas,CL,-53.15,-70.92,37.4,74,20,20.8,few clouds
57,Avarua,CK,-21.21,-159.78,77.0,73,10,14.99,clear sky
58,Luanda,AO,-8.84,13.23,71.6,88,75,3.36,broken clouds
59,Leningradskiy,RU,69.38,178.42,49.93,74,6,5.66,clear sky
60,Muros,ES,42.78,-9.06,63.0,84,2,1.01,clear sky
61,Nizwa,OM,22.93,57.53,85.01,54,96,2.21,overcast clouds
62,Severo-Kurilsk,RU,50.68,156.12,53.33,77,33,12.8,scattered clouds
63,Tiksi,RU,71.69,128.87,40.73,90,100,3.6,light rain
64,Gainesville,US,29.65,-82.32,81.0,83,90,9.17,overcast clouds
65,Pitimbu,BR,-7.47,-34.81,75.2,88,20,4.7,few clouds
66,Castro,BR,-24.79,-50.01,44.37,93,12,8.01,few clouds
67,Am Timan,TD,11.03,20.28,72.39,95,100,1.66,overcast clouds
68,Fairbanks,US,64.84,-147.72,73.0,46,90,6.93,overcast clouds
69,Hobart,AU,-42.88,147.33,48.0,81,75,9.17,light intensity shower rain
70,Cayenne,GF,4.93,-52.33,82.4,74,3,3.36,clear sky
71,Marsassoum,SN,12.83,-15.98,75.92,92,90,5.93,overcast clouds
72,Faanui,PF,-16.48,-151.75,76.95,78,11,21.61,few clouds
73,Lebu,CL,-37.62,-73.65,47.71,88,0,7.23,clear sky
74,Puerto Penasco,MX,31.32,-113.53,88.0,77,0,18.01,clear sky
75,Srednekolymsk,RU,67.45,153.68,36.28,94,100,11.27,overcast clouds
76,Hithadhoo,MV,-0.6,73.08,83.12,79,7,14.83,clear sky
77,Rocha,UY,-34.48,-54.33,45.27,73,0,5.06,clear sky
78,Dawei,MM,14.08,98.2,76.24,91,100,4.0,moderate rain
79,Tessalit,ML,20.2,1.01,96.24,20,78,9.4,broken clouds
80,Bluff,NZ,-46.6,168.33,46.0,98,100,4.0,overcast clouds
81,Saldanha,ZA,-33.01,17.94,50.0,87,0,4.7,clear sky
82,Urozhaynoye,RU,44.79,44.92,61.9,76,65,6.44,broken clouds
83,Flinders,AU,-34.58,150.86,53.01,52,2,13.0,clear sky
84,Oskarshamn,SE,57.26,16.45,60.01,86,35,1.99,scattered clouds
85,Timmins,CA,48.47,-81.33,75.2,44,75,6.93,broken clouds
86,Bousso,TD,10.48,16.71,71.91,92,100,2.93,overcast clouds
87,Zhaozhou,CN,45.68,125.32,64.76,78,100,6.85,overcast clouds
88,Anori,BR,-3.77,-61.64,80.76,43,0,2.28,clear sky
89,Khatanga,RU,71.97,102.5,51.91,68,1,6.73,clear sky
90,Bredasdorp,ZA,-34.53,20.04,51.8,87,8,4.7,clear sky
91,Dikson,RU,73.51,80.55,47.98,75,96,7.45,overcast clouds
92,Kannapolis,US,35.49,-80.62,82.0,74,75,6.93,broken clouds
93,Geraldton,AU,-28.77,114.6,59.0,93,90,4.7,overcast clouds
94,Joao Pinheiro,BR,-17.74,-46.17,59.99,85,94,11.07,overcast clouds
95,Oranjemund,NA,-28.55,16.43,58.48,54,0,4.74,clear sky
96,Cassilandia,BR,-19.11,-51.73,66.15,38,38,4.76,scattered clouds
97,Port Blair,IN,11.67,92.75,82.17,78,100,11.34,overcast clouds
98,Mnogovershinnyy,RU,53.94,139.92,58.06,63,47,1.59,scattered clouds
99,Tamandare,BR,-8.76,-35.1,74.39,84,25,8.81,scattered clouds
100,Nikolskoye,RU,59.7,30.79,64.4,68,40,6.71,scattered clouds
101,Baia De Aries,RO,46.38,23.28,66.2,88,0,4.7,clear sky
102,Eyl,SO,7.98,49.82,77.07,66,100,26.53,overcast clouds
103,Bireun,ID,5.2,96.7,76.23,82,91,4.76,overcast clouds
104,Corn Island,NI,12.17,-83.04,82.56,75,2,7.2,clear sky
105,Gat,IL,31.61,34.76,78.01,34,1,1.83,clear sky
106,Champasak,LA,14.75,106.0,72.21,98,90,2.82,moderate rain
107,Kahului,US,20.89,-156.47,87.8,58,40,25.28,scattered clouds
108,Camacha,PT,33.08,-16.33,73.4,73,20,12.75,few clouds
109,Mikkeli,FI,61.69,27.27,62.6,93,90,6.93,heavy intensity rain
110,Agadez,NE,19.75,10.25,93.04,33,75,10.11,broken clouds
111,Rosamorada,MX,22.12,-105.21,87.39,74,48,7.7,scattered clouds
112,Namatanai,PG,-3.67,152.43,82.4,73,64,2.68,light rain
113,San Patricio,MX,19.22,-104.7,86.0,74,75,11.41,broken clouds
114,Bud,US,39.45,-86.18,84.0,58,1,4.9,clear sky
115,Lompoc,US,34.64,-120.46,80.01,68,1,13.87,clear sky
116,Cherepanovo,RU,54.22,83.38,52.97,84,100,5.99,overcast clouds
117,Yellowknife,CA,62.46,-114.35,59.0,62,75,12.75,broken clouds
118,Erdenet,MN,49.03,104.08,52.27,78,26,3.2,scattered clouds
119,Sipe Sipe,BO,-17.45,-66.38,69.8,32,20,9.17,few clouds
120,Auki,SB,-8.77,160.7,84.09,71,100,6.02,light rain
121,Katherine,AU,-14.47,132.27,64.4,45,0,5.82,clear sky
122,Senador Guiomard,BR,-10.15,-67.74,68.0,52,0,4.7,clear sky
123,Yulara,AU,-25.24,130.99,48.2,49,0,8.05,clear sky
124,Chokurdakh,RU,70.63,147.92,35.67,93,99,6.13,overcast clouds
125,Cape Town,ZA,-33.93,18.42,51.01,93,2,1.12,clear sky
126,Kaitangata,NZ,-46.28,169.85,51.01,83,56,17.0,broken clouds
127,College,US,64.86,-147.8,73.0,46,40,5.82,scattered clouds
128,Coahuayana,MX,18.73,-103.68,80.6,83,75,11.41,broken clouds
129,Butaritari,KI,3.07,172.79,83.16,63,100,7.07,overcast clouds
130,Maceio,BR,-9.67,-35.74,71.6,88,20,3.36,few clouds
131,Phan Thiet,VN,10.93,108.1,78.1,88,99,6.4,light rain
132,Arraial Do Cabo,BR,-22.97,-42.03,68.0,49,75,8.05,broken clouds
133,Westport,US,41.14,-73.36,84.99,62,1,11.41,clear sky
134,Zelenogorskiy,RU,55.03,87.0,51.8,93,88,4.47,overcast clouds
135,Porto Novo,BJ,6.5,2.6,75.2,94,20,5.82,few clouds
136,Maua,BR,-23.67,-46.46,51.01,87,75,10.29,broken clouds
137,Mar Del Plata,AR,-38.0,-57.56,55.99,65,0,6.93,clear sky
138,Dolores,AR,-36.31,-57.68,46.94,65,0,9.98,clear sky
139,Antalaha,MG,-14.9,50.28,65.91,84,42,7.94,scattered clouds
140,Tabou,CI,4.42,-7.35,75.83,89,75,10.4,light rain
141,Vostok,RU,46.49,135.88,61.23,70,100,2.37,overcast clouds
142,Lugo,ES,43.0,-7.5,54.0,95,15,1.99,few clouds
143,Okato,NZ,-39.2,173.88,55.0,89,72,14.0,light rain
144,Belmonte,BR,-15.86,-38.88,69.8,77,90,4.7,overcast clouds
145,Lavrentiya,RU,65.58,-171.0,47.08,94,100,6.55,light rain
146,Lagoa,PT,39.05,-27.98,72.48,83,57,10.13,broken clouds
147,Markala,ML,13.7,-6.07,77.52,78,81,4.38,broken clouds
148,Kanniyakumari,IN,8.08,77.57,79.47,85,89,13.76,overcast clouds
149,Jutai,BR,-5.18,-68.9,72.75,62,7,1.43,clear sky
150,Torbay,CA,47.67,-52.73,64.4,59,20,6.93,few clouds
151,Krasnovishersk,RU,60.41,57.08,46.36,95,36,3.02,scattered clouds
152,Kuldur,RU,49.22,131.63,64.87,69,69,2.08,broken clouds
153,Tupiza,BO,-21.45,-65.72,55.06,24,0,13.69,clear sky
154,Duminichi,RU,53.93,35.11,54.81,80,23,3.04,few clouds
155,Taoudenni,ML,22.68,-3.98,103.57,8,50,9.64,scattered clouds
156,Bethel,US,41.37,-73.41,86.0,48,1,8.05,clear sky
157,Melfi,IT,41.0,15.65,78.8,57,5,1.12,clear sky
158,Necochea,AR,-38.55,-58.74,48.0,61,0,8.01,clear sky
159,Chase,CA,50.82,-119.69,78.8,26,40,5.82,scattered clouds
160,New Norfolk,AU,-42.78,147.06,48.0,87,90,1.99,overcast clouds
161,Sangar,RU,63.92,127.47,47.93,58,20,2.57,few clouds
162,Haines Junction,CA,60.75,-137.51,65.35,66,100,2.46,light rain
163,Plyussa,RU,58.43,29.37,64.15,75,100,9.75,overcast clouds
164,Norrtalje,SE,59.76,18.7,66.99,74,43,8.01,scattered clouds
165,Praia,CV,14.92,-23.51,80.6,78,20,8.05,few clouds
166,Skibbereen,IE,51.55,-9.27,57.2,87,75,11.41,broken clouds
167,Hailey,US,43.52,-114.32,82.4,30,5,20.8,smoke
168,Great Yarmouth,GB,52.61,1.73,64.0,70,20,4.0,few clouds
169,Pringsewu,ID,-5.36,104.97,72.43,85,39,0.38,scattered clouds
170,Liepaja,LV,56.54,21.04,66.2,100,100,4.7,overcast clouds
171,Terney,RU,45.05,136.61,66.85,67,96,3.49,overcast clouds
172,Xining,CN,36.62,101.77,56.64,83,100,2.04,light rain
173,Vestmannaeyjar,IS,63.44,-20.27,51.94,76,9,8.08,clear sky
174,Coquimbo,CL,-29.95,-71.34,50.0,93,90,4.7,mist
175,Narsaq,GL,60.92,-46.05,51.8,66,20,5.82,few clouds
176,Garowe,SO,8.41,48.48,78.39,56,96,23.91,overcast clouds
177,Balclutha,NZ,-46.23,169.75,51.01,83,68,10.0,broken clouds
178,Kailua,US,21.4,-157.74,84.2,62,90,12.75,overcast clouds
179,Zhangye,CN,38.93,100.45,62.2,68,99,5.77,overcast clouds
180,Maumere,ID,-8.62,122.21,77.2,71,41,3.2,scattered clouds
181,Whitehorse,CA,60.72,-135.05,64.4,68,75,5.82,light intensity shower rain
182,Itigi,TZ,-5.7,34.48,60.71,64,13,9.06,few clouds
183,Vila,PT,42.03,-8.16,64.0,93,40,5.82,scattered clouds
184,Prince Rupert,CA,54.32,-130.32,59.0,82,90,10.29,overcast clouds
185,San Quintin,MX,30.48,-115.95,78.62,67,1,8.66,clear sky
186,Marion,US,39.77,-86.16,84.99,48,40,6.93,scattered clouds
187,Kozhva,RU,65.11,57.05,46.67,91,55,5.28,broken clouds
188,Conceicao Do Araguaia,BR,-8.26,-49.26,86.38,29,58,4.27,broken clouds
189,Sioux Lookout,CA,50.1,-91.92,69.8,88,90,3.36,thunderstorm with light rain
190,Oktyabrskiy,RU,54.48,53.47,48.69,90,0,3.13,clear sky
191,Elbeuf,FR,49.29,1.0,62.01,93,90,9.17,overcast clouds
192,Murayama,JP,38.52,140.33,77.0,94,75,3.36,broken clouds
193,Ribeira Grande,PT,38.52,-28.7,72.97,80,40,9.55,scattered clouds
194,Nemuro,JP,43.32,145.57,62.76,78,2,8.5,clear sky
195,Oyama,JP,36.3,139.8,82.99,88,75,4.7,mist
196,Olinda,BR,-8.01,-34.86,75.2,88,40,4.7,scattered clouds
197,Kuryk,KZ,43.2,51.65,69.13,54,74,22.84,broken clouds
198,Plettenberg Bay,ZA,-34.05,23.37,54.77,85,0,6.85,clear sky
199,Ixtapa,MX,20.7,-105.2,89.6,70,20,11.41,few clouds
200,Atambua,ID,-9.11,124.89,73.35,49,23,3.62,few clouds
201,San Jeronimo,PE,-11.95,-75.28,55.47,56,57,5.86,broken clouds
202,Thompson,CA,55.74,-97.86,53.6,66,75,10.29,broken clouds
203,Zhigansk,RU,66.77,123.37,42.46,74,64,17.69,broken clouds
204,Beloha,MG,-25.17,45.05,62.55,82,7,13.31,clear sky
205,Piney Green,US,34.72,-77.32,82.99,69,1,4.7,clear sky
206,Moose Factory,CA,51.26,-80.61,62.6,82,75,9.17,broken clouds
207,Asyut,EG,27.18,31.18,81.23,40,0,12.01,clear sky
208,Te Anau,NZ,-45.42,167.72,45.86,79,100,0.22,overcast clouds
209,Alyangula,AU,-13.85,136.42,66.2,88,0,19.28,clear sky
210,Brigantine,US,39.41,-74.36,82.4,58,1,10.29,clear sky
211,Ancud,CL,-41.87,-73.82,48.99,87,99,10.29,overcast clouds
212,Pangody,RU,65.85,74.49,53.69,87,100,11.74,overcast clouds
213,Antequera,ES,37.02,-4.56,78.01,69,0,4.7,clear sky
214,Nome,US,64.5,-165.41,55.4,87,90,13.87,overcast clouds
215,Nelson Bay,AU,-32.72,152.15,54.0,57,60,25.28,broken clouds
216,Quibdo,CO,5.69,-76.66,76.39,93,83,3.71,moderate rain
217,Cidreira,BR,-30.18,-50.21,53.56,73,0,6.13,clear sky
218,Clyde River,CA,70.47,-68.59,49.82,71,95,6.58,overcast clouds
219,East London,ZA,-33.02,27.91,64.81,48,0,12.75,clear sky
220,Yuzhou,CN,34.16,113.46,71.6,100,90,2.24,mist
221,Anchorage,US,61.22,-149.9,73.0,43,40,8.05,scattered clouds
222,Lakes Entrance,AU,-37.88,147.98,51.01,75,80,1.99,light rain
223,Sao Felix Do Xingu,BR,-6.64,-51.99,82.58,30,10,0.65,clear sky
224,Yerbogachen,RU,61.28,108.01,50.97,64,22,7.14,few clouds
225,Valparaiso,CL,-33.04,-71.63,52.0,100,90,16.11,overcast clouds
226,Sept-Iles,CA,50.2,-66.38,62.01,67,75,4.7,broken clouds
227,Mettur,IN,11.8,77.8,77.7,83,93,1.5,moderate rain
228,Iqaluit,CA,63.75,-68.51,44.6,87,20,8.05,few clouds
229,Nanortalik,GL,60.14,-45.24,45.93,77,5,1.66,clear sky
230,Tuatapere,NZ,-46.13,167.68,46.99,97,100,4.0,overcast clouds
231,Passo De Camaragibe,BR,-9.24,-35.49,71.6,88,20,3.36,few clouds
232,Tyret Pervaya,RU,53.67,102.31,53.73,93,89,12.55,overcast clouds
233,Pinotepa Nacional,MX,16.32,-98.02,80.55,80,82,3.8,light rain
234,Capitao Poco,BR,-1.75,-47.06,75.56,90,75,7.31,broken clouds
235,Carnarvon,AU,-24.87,113.63,64.4,77,92,9.17,overcast clouds
236,Roald,NO,62.58,6.13,55.99,87,100,17.22,drizzle
237,Freeport,US,40.66,-73.58,84.0,69,1,10.29,clear sky
238,Tatawin,TN,32.93,10.45,84.2,28,0,3.36,clear sky
239,Bafra,TR,41.57,35.91,66.2,82,20,3.36,few clouds
240,Vavuniya,LK,8.75,80.5,75.69,87,26,6.08,scattered clouds
241,Northam,GB,51.03,-4.22,61.0,88,44,10.0,scattered clouds
242,Katsuura,JP,35.13,140.3,80.01,83,100,1.01,moderate rain
243,Quatre Cocos,MU,-20.21,57.76,69.8,77,40,8.05,scattered clouds
244,Constitucion,CL,-35.33,-72.42,53.64,91,13,14.09,few clouds
245,Kloulklubed,PW,7.04,134.26,78.8,88,75,2.24,broken clouds
246,Mareeba,AU,-17.0,145.43,68.0,72,31,2.46,scattered clouds
247,Sault Sainte Marie,CA,46.52,-84.33,73.4,83,90,5.82,overcast clouds
248,Lidzbark Warminski,PL,54.13,20.58,63.36,95,100,8.55,overcast clouds
249,Cabo San Lucas,MX,22.89,-109.91,89.6,52,5,9.17,clear sky
250,Mahebourg,MU,-20.41,57.7,69.8,77,40,8.05,scattered clouds
251,Mahajanga,MG,-15.72,46.32,70.34,67,65,10.29,broken clouds
252,Codrington,AU,-38.27,141.97,48.38,81,58,16.82,light rain
253,Atar,MR,20.52,-13.05,99.75,20,73,3.13,broken clouds
254,Bealanana,MG,-14.55,48.73,52.34,91,64,3.62,broken clouds
255,Monrovia,LR,6.3,-10.8,77.0,94,75,10.13,light intensity drizzle
256,Buala,SB,-8.14,159.59,83.43,76,100,10.67,light rain
257,Beisfjord,NO,68.38,17.6,59.0,93,100,6.93,light rain
258,Saint-Louis,SN,16.33,-15.0,87.21,64,97,16.11,overcast clouds
259,Siniscola,IT,40.57,9.69,82.4,58,0,9.17,clear sky
260,Kologriv,RU,58.83,44.32,53.44,89,0,3.0,clear sky
261,Rio De Janeiro,BR,-22.9,-43.21,62.6,88,90,13.87,light rain
262,Ischia,IT,40.73,13.95,77.0,83,0,2.24,clear sky
263,Fuerte Olimpo,PY,-21.04,-57.87,54.79,65,85,1.88,overcast clouds
264,Klaksvik,FO,62.23,-6.59,46.4,75,100,14.99,overcast clouds
265,Jiaonan,CN,35.88,119.98,75.99,94,33,2.24,scattered clouds
266,Charters Towers,AU,-20.1,146.27,60.94,33,29,15.68,scattered clouds
267,Labytnangi,RU,66.66,66.42,50.72,84,70,6.69,light rain
268,Ilhabela,BR,-23.78,-45.36,61.66,76,90,4.34,light rain
269,Luderitz,NA,-26.65,15.16,64.33,28,0,7.63,clear sky
270,Nara,JP,34.69,135.8,80.01,83,75,5.82,broken clouds
271,Mahibadhoo,MV,3.78,72.97,83.84,67,0,5.32,clear sky
272,Zelenoborsk,RU,61.47,64.03,48.54,93,25,7.52,scattered clouds
273,Dalvik,IS,65.97,-18.53,48.2,81,0,9.17,clear sky
274,Puerto Ayora,EC,-0.74,-90.35,66.99,88,82,3.0,broken clouds
275,Chuy,UY,-33.7,-53.46,46.53,70,0,6.26,clear sky
276,Salalah,OM,17.02,54.09,77.0,100,90,6.93,light intensity drizzle
277,Cukai,MY,4.25,103.42,77.0,94,90,2.24,overcast clouds
278,Nichinan,JP,31.6,131.37,80.6,78,33,6.93,scattered clouds
279,Camiri,BO,-20.05,-63.52,54.36,40,8,3.4,clear sky
280,Nuuk,GL,64.18,-51.72,42.8,93,90,5.82,fog
281,Povenets,RU,62.85,34.83,59.86,79,92,9.35,overcast clouds
282,Bereda,ES,43.27,-7.54,61.0,95,21,1.99,few clouds
283,Coihaique,CL,-45.58,-72.07,50.0,57,75,3.36,broken clouds
284,Along,IN,28.17,94.77,71.67,89,66,1.59,broken clouds
285,Makat,KZ,47.65,53.35,68.47,45,100,9.48,overcast clouds
286,Bibiani,GH,6.46,-2.32,69.37,99,55,2.21,broken clouds
287,Hokitika,NZ,-42.72,170.97,55.83,67,88,6.04,overcast clouds
288,Sassandra,CI,4.95,-6.08,75.15,89,65,7.92,broken clouds
289,Abu Samrah,SY,35.3,37.18,70.84,68,0,7.76,clear sky
290,Rayagada,IN,19.17,83.42,76.17,87,100,1.7,overcast clouds
291,Nynashamn,SE,58.9,17.95,66.99,76,36,5.01,scattered clouds
292,La Ronge,CA,55.1,-105.28,59.0,87,90,19.46,light intensity shower rain
293,Arlit,NE,18.74,7.39,97.2,26,38,7.72,scattered clouds
294,Uruacu,BR,-14.52,-49.14,78.69,41,13,8.34,few clouds
295,Pangnirtung,CA,66.15,-65.71,52.65,60,0,3.69,clear sky
296,Mokhsogollokh,RU,61.47,128.92,47.32,58,0,5.01,clear sky
297,Behshahr,IR,36.69,53.55,75.2,88,90,6.93,light rain
298,San Cristobal,VE,7.77,-72.22,89.6,40,40,17.22,scattered clouds
299,Bad Sachsa,DE,51.59,10.56,64.99,69,100,5.19,overcast clouds
300,Kamaishi,JP,39.27,141.88,76.78,81,100,2.68,overcast clouds
301,Abha,SA,18.22,42.51,71.6,68,5,2.95,clear sky
302,Sambava,MG,-14.27,50.17,67.71,81,55,12.44,broken clouds
303,Kaeo,NZ,-35.1,173.78,61.0,3,27,5.01,scattered clouds
304,Bilibino,RU,68.05,166.44,41.56,88,100,3.33,light rain
305,Potsdam,DE,52.4,13.07,66.99,73,47,5.08,scattered clouds
306,Namibe,AO,-15.2,12.15,63.23,81,3,2.15,clear sky
307,Padang,ID,-0.95,100.35,77.7,78,100,3.06,overcast clouds
308,Sungaipenuh,ID,-2.08,101.38,63.97,94,98,2.73,light rain
309,Santa Cruz,BO,-17.8,-63.17,64.4,45,75,3.36,broken clouds
310,Praia Da Vitoria,PT,38.73,-27.07,73.4,78,20,3.8,few clouds
311,Oussouye,SN,12.48,-16.55,82.4,83,20,4.7,few clouds
312,Riyadh,SA,24.69,46.72,95.0,15,48,5.82,scattered clouds
313,Chilca,PE,-12.52,-76.74,62.6,72,90,9.17,overcast clouds
314,Khorixas,NA,-20.37,14.97,64.96,26,0,7.85,clear sky
315,Pangoa,PE,-12.12,-73.0,62.13,81,48,0.94,scattered clouds
316,Filingue,NE,14.35,3.32,86.54,53,74,11.32,broken clouds
317,Poum,NC,-20.23,164.02,72.37,75,29,10.58,scattered clouds
318,Lira,UG,2.23,32.91,63.64,94,39,3.0,light rain
319,Bandarbeyla,SO,9.49,50.81,76.57,72,73,30.33,broken clouds
320,Angoche,MZ,-16.23,39.91,71.78,75,69,15.21,broken clouds
321,Laje,BR,-10.18,-40.97,73.26,52,0,9.75,clear sky
322,Port Hedland,AU,-20.32,118.57,62.6,36,0,8.05,clear sky
323,Catamarca,AR,-28.47,-65.79,62.01,30,0,13.0,clear sky
324,Mehamn,NO,71.04,27.85,59.11,79,40,15.46,scattered clouds
325,Abu Zabad,SD,12.35,29.25,77.81,72,17,8.93,light rain
326,Waipawa,NZ,-41.41,175.52,54.0,76,100,5.82,overcast clouds
327,Tuy Hoa,VN,13.08,109.3,78.19,82,98,5.79,overcast clouds
328,Gizo,SB,-8.1,156.84,83.57,78,80,17.09,light rain
329,Hambantota,LK,6.12,81.12,78.8,100,40,4.7,scattered clouds
330,Sakakah,SA,29.97,40.21,82.4,23,0,6.93,clear sky
331,Birao,CF,10.28,22.79,71.37,97,79,5.35,moderate rain
332,Sulphur Springs,US,33.14,-95.6,95.0,23,1,10.29,clear sky
333,Kristinehamn,SE,59.31,14.11,61.0,87,71,13.87,light rain
334,Seymchan,RU,62.88,152.43,42.66,64,100,15.1,overcast clouds
335,Ahipara,NZ,-35.17,173.17,61.63,79,43,11.16,scattered clouds
336,Airai,TL,-8.93,125.41,63.37,41,70,4.41,broken clouds
337,Howard Springs,AU,-12.5,131.05,73.99,88,20,2.24,few clouds
338,Iaciara,BR,-14.1,-46.63,81.39,33,47,4.41,scattered clouds
339,Burns Lake,CA,54.23,-125.75,61.61,47,62,14.12,broken clouds
340,Shunyi,CN,40.12,116.65,79.0,93,42,2.24,scattered clouds
341,Kano,NG,12.0,8.52,75.2,94,20,3.36,few clouds
342,Soyo,AO,-6.13,12.37,73.42,88,6,5.97,clear sky
343,Nushki,PK,29.55,66.02,83.19,45,49,4.72,scattered clouds
344,Acapulco,MX,16.86,-99.89,86.0,74,40,6.93,scattered clouds
345,Slave Lake,CA,55.28,-114.77,64.4,59,90,19.46,overcast clouds
346,Duldurga,RU,50.68,113.59,58.73,84,98,1.99,overcast clouds
347,Linqiong,CN,30.42,103.46,79.0,100,40,2.24,light intensity shower rain
348,Joniskelis,LT,56.03,24.17,66.2,93,100,10.29,light rain
349,Phalaborwa,ZA,-23.94,31.14,59.0,62,0,2.24,clear sky
350,Saint-Joseph,RE,-21.37,55.62,62.6,67,16,4.7,few clouds
351,Korla,CN,41.76,86.15,73.26,34,1,5.03,clear sky
352,Gondar,ET,12.6,37.47,58.5,89,65,1.77,light rain
353,Vila Velha,BR,-20.33,-40.29,64.4,93,90,11.41,light rain
354,Victoria,HK,22.29,114.16,82.0,78,8,3.0,clear sky
355,Juneau,US,58.3,-134.42,59.0,82,90,4.7,fog
356,Trairi,BR,-3.28,-39.27,77.38,79,1,11.21,clear sky
357,Esperance,AU,-33.87,121.9,50.0,87,75,8.05,broken clouds
358,Saint Anthony,US,45.02,-93.22,87.01,51,1,3.02,clear sky
359,Korem,ET,12.51,39.52,58.1,87,9,2.51,moderate rain
360,Padre Bernardo,BR,-15.35,-48.5,74.35,57,68,6.8,broken clouds
361,Dunedin,NZ,-45.87,170.5,48.99,92,71,10.4,light rain
362,Cayhagan,PH,9.67,122.43,80.19,81,97,1.39,overcast clouds
363,Saint George,US,37.1,-113.58,102.99,22,1,13.87,clear sky
364,Jhanjharpur,IN,26.27,86.28,78.33,89,76,5.68,broken clouds
365,Goderich,CA,43.75,-81.72,81.0,73,7,8.01,clear sky
366,Manta,EC,-0.95,-80.73,75.2,78,90,6.93,overcast clouds
367,Leo,BF,11.1,-2.1,73.13,81,85,4.16,overcast clouds
368,Batemans Bay,AU,-35.72,150.18,55.0,68,13,8.99,few clouds
369,Shenjiamen,CN,29.96,122.3,81.27,83,0,8.77,clear sky
370,Bacolod,PH,10.67,122.95,81.32,80,97,2.24,light rain
371,Chapais,CA,49.78,-74.85,66.2,52,20,8.05,few clouds
372,Kendari,ID,-3.94,122.5,73.08,87,91,1.83,overcast clouds
373,Emerald,AU,-23.53,148.17,57.99,35,0,8.05,clear sky
374,Marsh Harbour,BS,26.54,-77.06,84.4,76,22,13.94,few clouds
375,Porto Velho,BR,-8.76,-63.9,75.2,57,0,2.24,clear sky
376,Harper,LR,4.38,-7.72,75.92,87,61,11.32,broken clouds
377,Orcopampa,PE,-15.27,-72.34,48.31,51,52,6.35,broken clouds
378,San Carlos De Bariloche,AR,-41.15,-71.31,51.8,37,0,12.75,clear sky
379,Ponta Do Sol,PT,32.67,-17.1,73.4,73,20,14.99,few clouds
380,Puri,IN,19.8,85.85,80.6,94,75,4.7,haze
381,Marawi,PH,8.0,124.29,73.99,90,55,4.0,broken clouds
382,Gweta,BW,-20.18,25.23,60.19,61,53,10.45,broken clouds
383,Virginia Beach,US,36.85,-75.98,86.0,83,75,5.82,broken clouds
384,Broome,US,42.25,-75.83,82.0,51,75,3.36,broken clouds
385,Avera,US,33.19,-82.53,80.6,88,40,5.82,scattered clouds
386,Alice Springs,AU,-23.7,133.88,44.6,48,0,6.58,clear sky
387,Gorom-Gorom,BF,14.44,-0.24,82.26,61,44,12.95,scattered clouds
388,Vao,NC,-22.67,167.48,71.56,80,66,11.95,broken clouds
389,Shiyan,CN,32.65,110.78,72.18,89,100,0.78,overcast clouds
390,Tevaitoa,PF,-16.78,-151.5,76.82,79,4,20.18,light rain
391,Rio Hato,PA,8.38,-80.17,75.0,88,97,4.65,overcast clouds
392,Cascais,PT,38.7,-9.42,68.0,89,0,22.3,clear sky
393,Nikolayevsk-Na-Amure,RU,53.14,140.73,56.57,86,84,1.77,broken clouds
394,Jacareacanga,BR,-6.22,-57.75,82.71,34,0,2.77,clear sky
395,Kalur Kot,PK,32.16,71.26,92.86,48,1,4.03,clear sky
396,Igarka,RU,67.47,86.58,54.28,82,100,5.95,overcast clouds
397,Allapalli,IN,19.42,80.07,75.22,95,100,3.85,light rain
398,Poso,ID,-1.4,120.75,78.76,69,69,6.42,broken clouds
399,Navoi,UZ,40.08,65.38,71.6,49,0,2.24,clear sky
400,Green River,US,41.53,-109.47,93.2,8,1,6.93,clear sky
401,Morondava,MG,-20.28,44.28,70.47,51,0,10.2,clear sky
402,Piritiba,BR,-11.73,-40.56,68.27,72,2,6.98,clear sky
403,Ola,RU,59.58,151.28,50.68,50,100,14.5,overcast clouds
404,Samsun,TR,41.25,36.33,66.2,82,20,3.36,few clouds
405,Besikduzu,TR,41.05,39.23,73.4,64,75,14.99,thunderstorm
406,Killybegs,IE,54.63,-8.45,57.99,94,31,3.0,scattered clouds
407,Vanimo,PG,-2.67,141.3,80.33,84,31,4.41,light rain
408,Ocean City,US,39.28,-74.57,82.4,58,1,10.29,clear sky
409,Mayo,US,38.89,-76.51,81.0,78,1,9.17,clear sky
410,Alofi,NU,-19.06,-169.92,80.6,78,36,17.22,scattered clouds
411,Umm Kaddadah,SD,13.6,26.69,82.89,59,13,16.26,few clouds
412,Fortuna,US,40.6,-124.16,66.99,77,1,13.87,clear sky
413,Ingham,US,42.6,-84.38,86.0,40,1,3.36,clear sky
414,Kuusamo,FI,65.97,29.18,59.0,87,90,13.87,overcast clouds
415,Kropotkin,RU,45.44,40.58,64.58,51,13,5.14,few clouds
416,Iskateley,RU,67.68,53.15,49.03,86,60,3.0,broken clouds
417,Havre-Saint-Pierre,CA,50.23,-63.6,57.2,76,1,16.11,clear sky
418,Nalut,LY,30.33,10.85,78.94,27,0,13.31,clear sky
419,Koudougou,BF,12.25,-2.37,77.22,76,55,3.91,broken clouds
420,Yeniseysk,RU,58.45,92.17,49.39,97,31,3.69,scattered clouds
421,Rabaul,PG,-4.2,152.17,81.52,74,47,4.18,light rain
422,Moba,CN,33.23,105.02,60.35,100,100,4.16,overcast clouds
423,Maloy,NO,61.94,5.11,57.2,87,100,16.11,moderate rain
424,Road Town,VG,18.42,-64.62,80.6,78,90,25.28,moderate rain
425,Hasaki,JP,35.73,140.83,79.0,94,75,5.82,thunderstorm with heavy rain
426,Axim,GH,4.87,-2.24,74.73,92,10,6.35,clear sky
427,Marzuq,YE,14.4,46.47,82.0,50,63,8.43,broken clouds
428,Chara,RU,56.91,118.26,56.62,68,97,1.01,overcast clouds
429,Ostersund,SE,63.18,14.64,59.0,77,35,11.41,scattered clouds
430,Matane,CA,48.83,-67.52,68.0,40,20,2.24,few clouds
431,Teya,RU,60.38,92.63,50.7,91,87,2.62,overcast clouds
432,Zhanakorgan,KZ,43.91,67.25,74.77,34,0,11.41,clear sky
433,Grakhovo,RU,56.05,51.97,48.2,93,20,6.71,few clouds
434,Fenoarivo,MG,-18.93,47.44,51.8,87,40,6.93,scattered clouds
435,Tromso,NO,69.65,18.96,55.4,93,90,6.93,fog
436,Bosansko Grahovo,BA,44.18,16.36,64.99,58,0,8.99,clear sky
437,Les Cayes,HT,18.2,-73.75,84.49,75,53,6.04,broken clouds
438,Kavaratti,IN,10.57,72.64,82.44,76,50,11.45,light rain
439,Colesberg,ZA,-30.72,25.1,43.57,46,0,4.81,clear sky
440,Sosnovo,RU,60.55,30.21,64.0,93,100,11.23,moderate rain
441,Muzhi,RU,65.37,64.67,48.74,86,22,10.36,few clouds
442,Sfantu Gheorghe,RO,45.87,25.78,63.0,78,0,1.88,clear sky
443,Shellbrook,CA,53.22,-106.4,69.8,73,75,18.34,broken clouds
444,Puerto Escondido,MX,15.85,-97.07,84.2,62,75,3.44,broken clouds
445,Jalu,LY,29.03,21.55,80.78,42,0,13.22,clear sky
446,Hammerfest,NO,70.66,23.68,64.4,77,41,26.4,scattered clouds
447,Lorengau,PG,-2.02,147.27,83.57,72,58,0.98,light rain
448,Cabras,IT,39.93,8.53,73.76,88,0,6.04,clear sky
449,Kenitra,MA,34.26,-6.58,73.4,88,18,5.82,few clouds
450,Kununurra,AU,-15.77,128.73,66.2,20,15,3.36,few clouds
451,Bairiki,KI,1.33,172.98,84.2,74,75,6.93,broken clouds
452,Samarai,PG,-10.62,150.67,77.2,72,66,13.0,broken clouds
453,Bogovina,RS,43.9,21.94,68.0,72,0,4.7,clear sky
454,Taltal,CL,-25.4,-70.48,52.25,79,32,1.61,scattered clouds
455,Ust-Maya,RU,60.42,134.53,51.4,46,0,3.53,clear sky
456,San Pedro,PH,14.35,121.02,80.6,88,100,4.9,overcast clouds
457,Savannah Bight,HN,16.45,-85.85,84.58,76,76,11.25,broken clouds
458,Ambon,ID,-3.7,128.18,75.2,94,40,3.36,light rain
459,Kembe,CF,4.62,21.89,70.93,97,100,2.77,light rain
460,Walvis Bay,NA,-22.96,14.51,64.8,25,0,1.81,clear sky
461,Tsabong,BW,-26.02,22.4,54.0,45,0,11.77,clear sky
462,Urengoy,RU,65.97,78.37,50.9,88,39,8.5,scattered clouds
463,Hun,LY,29.13,15.95,73.17,66,0,4.14,clear sky
464,Grindavik,IS,63.84,-22.43,48.2,93,0,1.12,clear sky
465,Ngunguru,NZ,-35.62,174.5,61.0,3,27,5.01,scattered clouds
466,Biak,ID,-0.91,122.88,76.33,76,50,6.87,scattered clouds
467,Iquique,CL,-20.22,-70.14,60.8,72,90,10.29,overcast clouds
468,Amazar,RU,53.86,120.88,57.15,78,90,2.91,overcast clouds
469,Potchefstroom,ZA,-26.72,27.1,47.17,63,0,3.83,clear sky
470,Dongsheng,CN,39.82,109.98,65.35,86,99,1.52,moderate rain
471,Opuwo,NA,-18.06,13.84,54.55,41,0,2.24,clear sky
472,Upernavik,GL,72.79,-56.15,44.24,70,86,9.42,overcast clouds
473,Stephenville,US,32.22,-98.2,95.0,28,1,5.82,clear sky
474,Pafos,CY,34.77,32.42,78.8,50,0,6.93,clear sky
475,Mirador,BR,-6.37,-44.36,85.41,37,85,0.83,overcast clouds
476,Port Hardy,CA,50.7,-127.42,55.4,93,90,3.36,light rain
477,Okha,RU,53.57,142.95,58.39,64,96,3.91,overcast clouds
478,Anderson,US,34.53,-82.65,80.6,69,40,9.17,light rain
479,Penzance,GB,50.12,-5.54,60.8,82,5,17.22,clear sky
480,Yumen,CN,40.28,97.2,64.11,42,12,11.92,few clouds
481,Sao Joao Da Barra,BR,-21.64,-41.05,64.4,84,100,14.52,light rain
482,Arnprior,CA,45.43,-76.35,79.0,77,42,5.14,scattered clouds
483,Barranco De Loba,CO,8.95,-74.11,80.55,85,71,2.53,light rain
484,Nachalovo,RU,46.34,48.2,66.2,42,66,4.47,broken clouds
485,Nabire,ID,-3.37,135.48,76.1,86,67,3.58,light rain
486,Esmeraldas,BR,-19.76,-44.31,59.0,100,90,6.93,overcast clouds
487,Manacapuru,BR,-3.3,-60.62,80.6,69,75,4.7,broken clouds
488,Pierre,US,44.37,-100.35,98.01,26,20,3.36,few clouds
489,Kapit,MY,2.02,112.93,74.43,94,100,0.56,overcast clouds
490,Ust-Nera,RU,64.57,143.2,42.93,61,100,4.88,overcast clouds
491,Ostrovnoy,RU,68.05,39.51,58.12,76,0,16.49,clear sky
492,Epinal,FR,48.18,6.45,68.0,64,74,10.29,broken clouds
493,Mawlaik,MM,23.63,94.42,76.39,89,59,0.51,broken clouds
494,Sovetskiy,RU,61.36,63.58,48.85,92,20,7.25,few clouds
495,Santa Rosalia,MX,27.32,-112.28,88.41,46,31,2.46,scattered clouds
496,Boyolangu,ID,-8.12,111.89,75.45,86,81,4.21,broken clouds
497,Lata,PT,40.16,-8.33,64.99,84,0,1.99,clear sky
498,Kamen-Rybolov,RU,44.75,132.04,62.4,85,100,7.99,overcast clouds
499,Roma,US,43.21,-75.46,82.4,51,20,12.75,few clouds
500,Pontian Kecil,MY,1.48,103.39,77.0,94,20,3.02,few clouds
501,Paita,PE,-5.09,-81.11,63.3,82,38,15.88,scattered clouds
502,Bilma,NE,18.69,12.92,93.31,35,67,4.76,broken clouds
503,Manono,CD,-7.3,27.42,76.06,39,52,4.38,broken clouds
504,Sinnamary,GF,5.38,-52.95,80.04,82,14,7.38,few clouds
505,Eydhafushi,MV,5.1,73.07,83.61,65,1,3.11,clear sky
506,Lima,PE,-12.04,-77.03,62.6,72,90,9.17,overcast clouds
507,Shangrao,CN,28.45,117.97,79.48,78,7,2.28,clear sky
508,Aripuana,BR,-9.17,-60.63,78.55,43,0,2.01,clear sky
509,Olafsvik,IS,64.89,-23.71,50.41,65,24,6.04,few clouds
510,Tazovskiy,RU,67.47,78.7,52.23,80,98,9.17,overcast clouds
511,Nyimba,ZM,-14.56,30.81,60.76,70,1,8.41,clear sky
512,Lichinga,MZ,-13.31,35.24,57.2,82,75,13.87,broken clouds
513,Masumbwe,TZ,-3.63,32.18,74.14,39,97,6.87,overcast clouds
514,Komsomolskiy,UZ,40.43,71.72,71.6,46,0,6.93,clear sky
515,Ajaccio,FR,42.0,8.92,75.2,83,0,3.36,clear sky
516,Fukue,JP,32.69,128.84,84.04,70,38,1.99,scattered clouds
517,Moose Jaw,CA,50.4,-105.53,91.4,24,90,14.99,overcast clouds
518,San Policarpo,PH,12.18,125.51,80.83,84,100,6.08,light rain
519,Gari,RU,59.43,62.35,51.62,98,100,6.08,overcast clouds
520,Warrnambool,AU,-38.38,142.48,46.99,93,52,1.01,light rain
521,Benguela,AO,-12.58,13.41,66.97,87,26,1.03,scattered clouds
522,Rawson,AR,-43.3,-65.1,57.49,37,0,2.82,clear sky
523,Porosozero,RU,62.72,32.73,59.85,79,98,8.86,overcast clouds
524,Baghdad,IQ,33.34,44.4,89.6,31,0,10.29,clear sky
525,Qostanay,KZ,53.17,63.58,55.4,93,0,6.71,clear sky
526,Tongchuan,CN,35.08,109.09,67.73,87,70,2.53,broken clouds
527,Arandis,NA,-22.42,14.97,68.36,19,0,8.75,clear sky
528,Hwange,ZW,-18.37,26.5,59.09,71,24,3.42,few clouds
529,Labrea,BR,-7.26,-64.8,76.59,50,0,2.26,clear sky
530,Aksarka,RU,66.56,67.8,47.84,94,45,13.24,scattered clouds
531,Chulman,RU,56.85,124.91,52.3,72,18,1.57,few clouds
532,Mathathane,BW,-22.27,28.75,53.62,75,0,6.8,clear sky
533,Azul,AR,-36.78,-59.86,47.3,62,0,10.6,clear sky
534,Dudinka,RU,69.41,86.18,57.2,62,48,13.42,scattered clouds
535,Longyan,CN,25.11,117.02,80.01,78,0,3.0,clear sky
536,Bronnoysund,NO,65.46,12.2,60.8,82,99,9.17,light intensity shower rain
537,Pontianak,ID,-0.03,109.33,75.79,94,100,4.07,overcast clouds
538,Okakarara,NA,-20.58,17.43,52.14,45,0,5.7,clear sky
539,Araguaina,BR,-7.19,-48.21,82.09,39,15,3.47,few clouds
540,Kholm-Zhirkovskiy,RU,55.52,33.47,54.52,90,59,4.74,broken clouds
541,Leeuwarden,NL,53.2,5.81,66.99,82,90,13.87,overcast clouds
542,Zheleznodorozhnyy,RU,55.75,38.0,61.0,100,92,2.53,overcast clouds
543,Vallenar,CL,-28.57,-70.76,59.58,47,0,4.92,clear sky
544,Kruisfontein,ZA,-34.0,24.73,51.12,91,0,5.93,clear sky
545,Cabinda,AO,-5.55,12.2,73.78,88,45,4.61,scattered clouds
546,Pocone,BR,-16.26,-56.62,65.07,46,40,7.34,scattered clouds
547,Vernon,CA,50.26,-119.27,77.0,27,1,10.29,clear sky
548,Sitka,US,57.05,-135.33,62.6,77,75,4.7,broken clouds
549,Zhovti Vody,UA,48.35,33.5,59.92,66,0,7.0,clear sky
550,Talcahuano,CL,-36.72,-73.12,53.6,87,40,17.22,scattered clouds
551,Xinzhou,CN,38.41,112.73,64.62,88,85,1.12,overcast clouds
552,Kathu,TH,7.92,98.33,84.99,94,20,2.24,few clouds
553,Istra,RU,55.92,36.86,61.0,82,77,2.24,broken clouds
554,Tari,NG,12.41,4.49,76.77,84,5,7.31,light rain
555,High Level,CA,58.52,-117.14,59.0,87,90,10.29,overcast clouds
556,Luau,AO,-10.71,22.22,67.53,34,19,5.03,few clouds
557,Wanaka,NZ,-44.7,169.15,45.0,85,76,2.42,broken clouds
558,Abbeville,FR,50.1,1.83,64.0,77,93,11.92,overcast clouds
559,Si Satchanalai,TH,17.52,99.76,74.53,96,100,2.57,light rain
560,Cockburn Town,TC,21.46,-71.14,84.11,79,79,26.31,broken clouds
561,Husavik,IS,66.04,-17.34,48.2,81,1,9.17,clear sky
562,Pussi,EE,59.36,27.05,63.64,94,100,15.86,moderate rain
563,Sorland,NO,67.67,12.69,56.48,92,99,19.44,overcast clouds
564,Bintulu,MY,3.17,113.03,75.2,94,40,3.11,scattered clouds
565,Tieling,CN,42.29,123.84,69.82,79,85,8.14,overcast clouds
566,Ewa Beach,US,21.32,-158.01,89.6,52,90,6.93,overcast clouds
567,Ishigaki,JP,24.34,124.16,82.4,94,75,24.16,light intensity shower rain
568,Aguimes,ES,27.91,-15.45,84.99,42,0,28.86,clear sky
569,Nkowakowa,ZA,-23.89,30.29,53.6,67,0,6.93,clear sky
570,Pouembout,NC,-21.13,164.9,76.5,65,29,4.81,scattered clouds
571,Ketchikan,US,55.34,-131.65,57.2,93,90,9.17,mist
572,Bojnurd,IR,37.47,57.33,69.8,77,75,11.41,broken clouds
573,Pizarro,CO,4.95,-77.37,78.12,89,96,10.83,light rain
574,Dehloran,IR,32.69,47.27,86.04,16,0,3.76,clear sky
575,Ruteng,ID,-8.61,120.47,62.17,75,78,1.52,broken clouds
576,Shirokiy,RU,49.76,129.52,62.71,77,98,6.85,overcast clouds
577,Kangaatsiaq,GL,68.31,-53.46,46.9,70,0,10.16,clear sky
578,Beringovskiy,RU,63.05,179.32,55.69,77,83,11.56,broken clouds
579,Tateyama,JP,34.98,139.87,80.01,81,100,1.99,moderate rain
580,Syava,RU,58.01,46.32,52.77,88,0,3.38,clear sky
581,Bischheim,FR,48.62,7.76,69.8,64,12,3.36,few clouds
582,Chestermere,CA,51.03,-113.82,77.0,27,20,18.34,few clouds
583,Police,PL,53.55,14.57,66.0,88,4,4.7,clear sky
584,Bafq,IR,31.61,55.41,87.93,12,0,12.97,clear sky
585,Plerin,FR,48.54,-2.78,60.01,10,29,4.0,scattered clouds
586,Ocampo,MX,21.65,-101.5,72.12,42,73,8.68,broken clouds
587,Vilhena,BR,-12.74,-60.15,69.8,49,10,10.29,clear sky
588,Sechura,PE,-5.56,-80.82,68.43,63,22,16.15,few clouds
589,Palora,EC,-1.7,-77.93,73.4,78,90,6.93,overcast clouds
590,Bern,CH,46.95,7.45,64.4,88,75,1.14,broken clouds
591,Lazaro Cardenas,MX,17.96,-102.2,84.22,73,0,6.29,clear sky
592,Gamba,GA,-2.65,10.0,72.82,85,40,5.37,scattered clouds
593,Jaciara,BR,-15.97,-54.97,69.37,46,72,6.96,broken clouds
594,Hobyo,SO,5.35,48.53,75.72,81,94,21.3,overcast clouds
595,Strezhevoy,RU,60.73,77.59,44.6,100,66,4.52,fog
596,Nova Olinda Do Norte,BR,-3.89,-59.09,82.92,39,3,2.39,clear sky
597,Ponta Delgada,PT,37.73,-25.67,71.6,88,20,5.82,few clouds
598,Lisakovsk,KZ,52.54,62.49,52.34,92,0,5.99,clear sky
599,Solnechnyy,RU,50.72,136.63,64.27,85,100,3.42,light rain
600,Comodoro Rivadavia,AR,-45.87,-67.5,62.6,42,20,10.29,few clouds
601,Garoua,CM,9.3,13.4,74.3,95,100,4.59,moderate rain
602,Temba,ZA,-25.38,28.26,51.62,52,0,1.01,clear sky
603,Aksehir,TR,38.36,31.42,62.11,61,2,4.94,clear sky
604,Castelo,BR,-20.6,-41.18,59.77,91,100,3.29,moderate rain
605,Kingston,JM,18.0,-76.79,89.6,66,20,5.82,few clouds
606,Half Moon Bay,US,37.46,-122.43,90.0,50,75,20.8,smoke
607,Humacao,PR,18.15,-65.83,77.0,97,100,5.01,moderate rain
608,Vagur,FO,61.47,-6.81,49.73,77,88,18.3,overcast clouds
609,Buraydah,SA,26.33,43.98,91.4,22,37,8.05,scattered clouds
610,Upata,VE,8.01,-62.4,74.23,89,2,2.15,light rain
611,Witu,KE,-2.39,40.44,75.4,78,57,12.15,broken clouds
612,Sindgi,IN,16.92,76.23,73.94,87,100,10.29,overcast clouds
613,Thongwa,MM,16.76,96.53,77.0,100,90,8.05,overcast clouds
614,San-Pedro,CI,4.75,-6.64,75.15,91,67,8.43,light rain
615,Eboli,IT,40.61,15.06,77.0,47,0,1.74,clear sky
616,Bowling Green,US,36.99,-86.44,82.4,58,75,5.82,broken clouds
617,Maniwaki,CA,46.38,-75.97,69.3,89,18,2.26,light rain
618,Salaga,GH,8.55,-0.52,73.83,93,9,3.65,light rain
619,Nacala,MZ,-14.54,40.67,72.01,73,93,10.58,overcast clouds
620,Nurota,UZ,40.56,65.69,71.6,49,0,2.24,clear sky
621,Burgeo,CA,47.62,-57.62,60.26,71,1,11.05,clear sky
622,Portmore,JM,17.97,-76.87,89.6,66,20,5.82,few clouds
623,Pionerskiy,RU,54.95,20.23,68.0,94,75,4.47,broken clouds
624,Bendigo,AU,-36.77,144.28,44.01,83,55,1.99,broken clouds
625,Danilovka,RU,50.36,44.12,57.07,70,75,5.73,broken clouds
626,Paamiut,GL,61.99,-49.67,43.77,92,39,9.15,scattered clouds
627,Carballo,ES,43.21,-8.69,66.0,93,40,3.36,scattered clouds
628,Lillehammer,NO,61.11,10.47,48.99,96,5,3.0,clear sky
629,Mogadishu,SO,2.04,45.34,75.99,83,57,15.66,light rain
630,Khani,GE,41.96,42.96,66.2,93,90,3.36,overcast clouds
631,Zachepylivka,UA,49.19,35.24,57.54,59,0,7.7,clear sky
632,Martil,MA,35.62,-5.28,84.2,51,0,10.29,clear sky
633,Tiznit,MA,29.58,-9.5,89.76,25,51,6.76,broken clouds
634,Souillac,MU,-20.52,57.52,69.8,77,40,8.05,scattered clouds
635,Rio Brilhante,BR,-21.8,-54.55,55.72,80,14,6.44,few clouds
636,Mapiripan,CO,2.89,-72.13,75.4,86,100,4.25,overcast clouds
637,Plouzane,FR,48.38,-4.62,60.8,93,75,6.93,broken clouds
638,Chaman,PK,30.92,66.45,77.07,52,3,4.27,clear sky
639,Port Augusta,AU,-32.5,137.77,43.0,93,75,6.93,broken clouds
640,Talnakh,RU,69.49,88.4,57.2,62,56,13.42,broken clouds
641,Baculin,PH,7.45,126.58,79.72,70,49,3.51,scattered clouds
642,La Rochelle,FR,46.17,-1.15,68.0,72,90,13.87,overcast clouds
643,Roebourne,AU,-20.78,117.13,70.11,32,0,5.86,clear sky
644,Hofn,IS,64.25,-15.21,49.59,76,39,1.45,scattered clouds
645,Tura,IN,25.52,90.22,72.64,97,62,3.98,light rain
646,Lakota,CI,5.85,-5.69,70.61,97,49,4.27,scattered clouds
647,Nong Kung Si,TH,16.65,103.3,77.0,100,75,4.7,light rain
648,Sandwick,GB,60.0,-1.25,53.6,100,86,8.05,light rain
649,Cantaura,VE,9.31,-64.36,76.53,87,65,1.43,light rain
650,Iroquois Falls,CA,48.77,-80.68,75.2,44,75,6.93,broken clouds
651,Lewisporte,CA,49.25,-55.05,64.99,59,75,9.17,broken clouds
652,Hay River,CA,60.82,-115.8,59.0,82,75,12.75,broken clouds
653,Zlobin,HR,45.29,14.65,75.2,94,0,4.7,clear sky
654,Iranshahr,IR,27.2,60.68,89.19,47,19,2.24,few clouds
655,Hami,CN,42.8,93.45,73.71,29,0,8.68,clear sky
656,Naze,JP,28.37,129.48,84.2,88,75,1.12,broken clouds
657,Dandong,CN,40.13,124.39,71.96,87,75,3.13,broken clouds
658,Deputatskiy,RU,69.3,139.9,34.47,88,97,0.56,overcast clouds
659,Naraini,IN,25.18,80.48,78.12,83,70,6.96,broken clouds
660,Zhezkazgan,KZ,47.8,67.71,58.17,54,93,3.98,overcast clouds
661,Gushikawa,JP,26.35,127.87,80.6,88,75,8.05,broken clouds
662,Gravdal,NO,68.12,13.5,56.3,93,100,13.85,overcast clouds
663,Russell,US,32.35,-85.2,89.6,52,1,8.05,clear sky
664,Cambre,ES,43.29,-8.35,66.0,93,75,2.24,broken clouds
665,Port-Cartier,CA,50.03,-66.87,62.01,67,75,4.7,broken clouds
666,Arrecife,ES,28.96,-13.55,75.2,83,20,23.04,few clouds
667,Pisco,PE,-13.7,-76.22,64.4,72,40,12.75,scattered clouds
668,Nauta,PE,-4.51,-73.58,74.98,71,53,1.57,broken clouds
669,Norden,DE,53.6,7.2,61.0,82,20,8.05,few clouds
670,Pachmarhi,IN,22.47,78.43,65.75,100,100,4.07,overcast clouds
671,Carbondale,US,37.73,-89.22,86.0,51,1,6.93,clear sky
672,Dicabisagan,PH,17.08,122.42,81.03,78,99,2.04,overcast clouds
673,Fare,PF,-16.7,-151.02,77.02,78,11,19.17,few clouds
674,Ayia Galini,GR,35.1,24.68,78.01,53,0,8.88,clear sky
675,Nogliki,RU,51.83,143.17,58.14,88,98,2.46,light rain
676,Adoni,IN,15.63,77.28,74.48,87,98,9.86,overcast clouds
677,Gbadolite,CD,4.28,21.02,71.58,97,100,2.86,overcast clouds
678,Severnoye,RU,56.35,78.36,49.86,96,78,6.24,broken clouds
679,Buchanan,LR,5.88,-10.05,77.0,94,75,9.17,light rain
680,Visakhapatnam,IN,17.69,83.21,78.8,94,75,5.82,mist
681,Gull Lake,CA,50.1,-108.48,82.4,30,1,25.28,clear sky
682,Umea,SE,63.83,20.26,64.4,93,75,6.93,broken clouds
683,Moranbah,AU,-22.0,148.05,59.5,33,0,13.22,clear sky
684,Saint-Augustin,CA,51.23,-58.65,58.75,79,95,4.68,light rain
685,Celestun,MX,20.87,-90.4,85.26,69,9,12.75,clear sky
686,Tigil,RU,57.8,158.67,53.2,61,92,5.79,overcast clouds
687,Middle Island,US,40.88,-72.94,81.0,74,1,6.93,clear sky
688,Ulaanbaatar,MN,47.91,106.88,42.8,87,0,0.49,clear sky
689,Ostrogozhsk,RU,50.87,39.08,57.7,62,1,3.24,clear sky
690,Vetluzhskiy,RU,58.39,45.47,53.13,90,0,3.56,clear sky
691,Denpasar,ID,-8.65,115.22,77.0,100,20,9.17,few clouds
692,Hue,VN,16.47,107.6,77.0,94,40,3.36,scattered clouds
693,Bonthe,SL,7.53,-12.51,76.14,92,100,8.43,overcast clouds
694,Gaoyou,CN,32.79,119.43,86.0,80,0,6.55,clear sky
695,Xingyi,CN,24.19,102.82,58.57,97,96,1.57,overcast clouds
696,Bluefields,NI,12.01,-83.76,86.0,79,40,4.7,scattered clouds
697,Djambala,CG,-2.54,14.75,70.32,83,100,5.57,light rain
698,Hazorasp,UZ,41.32,61.07,73.4,38,90,6.93,overcast clouds
699,Woodland,US,38.68,-121.77,104.0,32,75,3.36,smoke
700,Portland,US,45.52,-122.68,80.01,47,20,11.41,few clouds
701,Boskovice,CZ,49.49,16.66,64.0,94,100,2.8,light rain
702,Lagos De Moreno,MX,21.35,-101.92,80.6,34,40,5.82,scattered clouds
703,Tete,MZ,-16.16,33.59,69.8,64,40,8.05,scattered clouds
704,Marsa Matruh,EG,31.35,27.25,78.8,69,20,9.17,few clouds
705,Karratha,AU,-20.74,116.85,69.15,35,0,6.17,clear sky
706,Kutum,SD,14.2,24.67,73.22,72,73,8.37,broken clouds
707,Camana,PE,-16.62,-72.71,60.58,78,66,5.19,broken clouds
708,Henties Bay,NA,-22.12,14.28,65.07,32,0,7.67,clear sky
709,Billings,US,45.78,-108.5,95.0,12,1,6.93,haze
710,Pacific Grove,US,36.62,-121.92,71.6,56,40,8.05,smoke
711,San Ramon,US,37.78,-121.98,97.0,28,1,3.36,haze
712,Boende,CD,-0.22,20.87,73.2,92,100,3.53,overcast clouds
713,Calama,CL,-22.47,-68.93,66.2,20,0,19.46,clear sky
714,Burley,US,42.54,-113.79,82.4,34,40,5.82,haze
715,Hirtshals,DK,57.59,9.96,57.99,92,76,1.99,light rain
716,Takoradi,GH,4.88,-1.76,74.62,91,8,6.53,clear sky
717,Cap Malheureux,MU,-19.98,57.61,69.01,79,17,3.0,light rain
718,Guerrero Negro,MX,27.98,-114.06,85.42,51,0,18.88,clear sky
719,Urubicha,BO,-15.38,-62.95,59.5,47,32,2.46,scattered clouds
720,Stantsionno-Oyashinskiy,RU,55.47,83.82,51.62,92,84,7.52,broken clouds
721,Tonantins,BR,-2.87,-67.8,74.68,70,0,2.17,clear sky
722,Black River,JM,18.03,-77.85,86.0,79,20,9.17,thunderstorm
723,Galesong,ID,-5.32,119.37,69.8,77,20,4.7,few clouds
724,Bara,NG,10.37,10.73,75.15,86,99,5.5,overcast clouds
